{
"Profiles": [
{
  "Right Option Key Sends" : 0,
  "Tags" : [

  ],
  "Ansi 12 Color" : {
    "Red Component" : 0.65349078178405762,
    "Color Space" : "sRGB",
    "Blue Component" : 0.9485321044921875,
    "Alpha Component" : 1,
    "Green Component" : 0.67044717073440552
  },
  "Ansi 6 Color" : {
    "Red Component" : 0,
    "Color Space" : "sRGB",
    "Blue Component" : 0.78166204690933228,
    "Alpha Component" : 1,
    "Green Component" : 0.77425903081893921
  },
  "Ansi 7 Color" : {
    "Red Component" : 0.7810397744178772,
    "Color Space" : "sRGB",
    "Blue Component" : 0.78104829788208008,
    "Alpha Component" : 1,
    "Green Component" : 0.78105825185775757
  },
  "Bold Color" : {
    "Red Component" : 0.99999600648880005,
    "Color Space" : "sRGB",
    "Blue Component" : 1,
    "Alpha Component" : 1,
    "Green Component" : 1
  },
  "Ansi 8 Color" : {
    "Red Component" : 0.40781760215759277,
    "Color Space" : "sRGB",
    "Blue Component" : 0.4078223705291748,
    "Alpha Component" : 1,
    "Green Component" : 0.40782788395881653
  },
  "Ansi 9 Color" : {
    "Red Component" : 0.8659515380859375,
    "Color Space" : "sRGB",
    "Blue Component" : 0.45833224058151245,
    "Alpha Component" : 1,
    "Green Component" : 0.47524076700210571
  },
  "Ansi 5 Color" : {
    "Red Component" : 0.752197265625,
    "Color Space" : "sRGB",
    "Blue Component" : 0.74494361877441406,
    "Alpha Component" : 1,
    "Green Component" : 0.24931684136390686
  },
  "Rows" : 25,
  "Default Bookmark" : "No",
  "Use Non-ASCII Font" : false,
  "AWDS Tab Option" : "No",
  "Cursor Guide Color" : {
    "Red Component" : 0.70213186740875244,
    "Color Space" : "sRGB",
    "Blue Component" : 1,
    "Alpha Component" : 0.25,
    "Green Component" : 0.9268307089805603
  },
  "Non-ASCII Anti Aliased" : true,
  "Use Bright Bold" : true,
  "Ansi 10 Color" : {
    "Red Component" : 0.3450070321559906,
    "Color Space" : "sRGB",
    "Blue Component" : 0.56541937589645386,
    "Alpha Component" : 1,
    "Green Component" : 0.9042816162109375
  },
  "Ambiguous Double Width" : false,
  "AWDS Pane Option" : "No",
  "Jobs to Ignore" : [
    "rlogin",
    "ssh",
    "slogin",
    "telnet"
  ],
  "Show Status Bar" : true,
  "Ansi 15 Color" : {
    "Red Component" : 0.99999600648880005,
    "Color Space" : "sRGB",
    "Blue Component" : 1,
    "Alpha Component" : 1,
    "Green Component" : 1
  },
  "Foreground Color" : {
    "Red Component" : 0.86197912693023682,
    "Color Space" : "sRGB",
    "Blue Component" : 0.86198854446411133,
    "Alpha Component" : 1,
    "Green Component" : 0.86199951171875
  },
  "Working Directory" : "\/Users\/lzw",
  "Blinking Cursor" : false,
  "AWDS Window Option" : "No",
  "Sync Title" : false,
  "Prompt Before Closing 2" : false,
  "BM Growl" : true,
  "Command" : "",
  "Description" : "Default",
  "AWDS Pane Directory" : "",
  "Disable Window Resizing" : true,
  "Screen" : -1,
  "Selection Color" : {
    "Red Component" : 0.70196080207824707,
    "Color Space" : "sRGB",
    "Blue Component" : 1,
    "Alpha Component" : 1,
    "Green Component" : 0.84313726425170898
  },
  "Mouse Reporting" : true,
  "AWDS Window Directory" : "",
  "Columns" : 80,
  "Idle Code" : 0,
  "Ansi 13 Color" : {
    "Red Component" : 0.8821563720703125,
    "Color Space" : "sRGB",
    "Blue Component" : 0.8821563720703125,
    "Alpha Component" : 1,
    "Green Component" : 0.4927266538143158
  },
  "Brighten Bold Text" : false,
  "Custom Command" : "No",
  "ASCII Anti Aliased" : true,
  "Non Ascii Font" : "Monaco 12",
  "Vertical Spacing" : 1,
  "Use Bold Font" : true,
  "Option Key Sends" : 0,
  "Selected Text Color" : {
    "Red Component" : 0,
    "Color Space" : "sRGB",
    "Blue Component" : 0,
    "Alpha Component" : 1,
    "Green Component" : 0
  },
  "Background Color" : {
    "Red Component" : 0.0806884765625,
    "Color Space" : "sRGB",
    "Blue Component" : 0.12103271484375,
    "Alpha Component" : 1,
    "Green Component" : 0.099111050367355347
  },
  "Character Encoding" : 4,
  "Ansi 11 Color" : {
    "Red Component" : 0.9259033203125,
    "Color Space" : "sRGB",
    "Blue Component" : 0,
    "Alpha Component" : 1,
    "Green Component" : 0.8833775520324707
  },
  "Use Italic Font" : true,
  "Unlimited Scrollback" : false,
  "Keyboard Map" : {

  },
  "Window Type" : 0,
  "Background Image Location" : "",
  "Blur" : false,
  "Badge Color" : {
    "Red Component" : 1,
    "Color Space" : "sRGB",
    "Blue Component" : 1,
    "Alpha Component" : 0.5,
    "Green Component" : 1
  },
  "Scrollback Lines" : 1000,
  "Send Code When Idle" : false,
  "Close Sessions On End" : true,
  "Terminal Type" : "xterm-256color",
  "Visual Bell" : true,
  "Flashing Bell" : false,
  "Status Bar Layout" : {
    "components" : [
      {
        "class" : "iTermStatusBarWorkingDirectoryComponent",
        "configuration" : {
          "knobs" : {
            "path" : "path",
            "base: priority" : 5,
            "base: compression resistance" : 1,
            "minwidth" : 0,
            "shared text color" : {
              "Red Component" : 0.5,
              "Color Space" : "sRGB",
              "Blue Component" : 0.25,
              "Alpha Component" : 1,
              "Green Component" : 0.25
            },
            "maxwidth" : 1.7976931348623157e+308
          },
          "layout advanced configuration dictionary value" : {
            "remove empty components" : false,
            "font" : ".AppleSystemUIFont 18",
            "algorithm" : 0,
            "auto-rainbow style" : 2
          }
        }
      },
      {
        "class" : "iTermStatusBarFixedSpacerComponent",
        "configuration" : {
          "knobs" : {
            "base: priority" : 5,
            "iTermStatusBarFixedSpacerComponentWidthKnob" : 5,
            "base: compression resistance" : 1,
            "shared text color" : {
              "Red Component" : 0.5,
              "Color Space" : "sRGB",
              "Blue Component" : 0.25,
              "Alpha Component" : 1,
              "Green Component" : 0.35499999999999998
            }
          },
          "layout advanced configuration dictionary value" : {
            "remove empty components" : false,
            "font" : ".AppleSystemUIFont 18",
            "algorithm" : 0,
            "auto-rainbow style" : 2
          }
        }
      },
      {
        "class" : "iTermStatusBarFixedSpacerComponent",
        "configuration" : {
          "knobs" : {
            "base: priority" : 5,
            "iTermStatusBarFixedSpacerComponentWidthKnob" : 5,
            "base: compression resistance" : 1,
            "shared text color" : {
              "Red Component" : 0.5,
              "Color Space" : "sRGB",
              "Blue Component" : 0.25,
              "Alpha Component" : 1,
              "Green Component" : 0.46000000000000002
            }
          },
          "layout advanced configuration dictionary value" : {
            "remove empty components" : false,
            "font" : ".AppleSystemUIFont 18",
            "algorithm" : 0,
            "auto-rainbow style" : 2
          }
        }
      },
      {
        "class" : "iTermStatusBarFixedSpacerComponent",
        "configuration" : {
          "knobs" : {
            "base: priority" : 5,
            "iTermStatusBarFixedSpacerComponentWidthKnob" : 5,
            "base: compression resistance" : 1,
            "shared text color" : {
              "Red Component" : 0.43499999999999994,
              "Color Space" : "sRGB",
              "Blue Component" : 0.25,
              "Alpha Component" : 1,
              "Green Component" : 0.5
            }
          },
          "layout advanced configuration dictionary value" : {
            "remove empty components" : false,
            "font" : ".AppleSystemUIFont 18",
            "algorithm" : 0,